revenue,total_customers,amt_flour,amt_tomatoes,amt_cheese
10838.105598930764,640.984928107996,39.468029565537144,216.9660822477853,150.96311519184727
13403.35388787588,712.5910242791048,47.17219814530151,233.06947653127438,164.58318152222074
11962.01289666069,654.1076061068703,42.53673100897663,218.40009788234687,161.31206333589734
11945.41928442705,717.2417087811776,48.357115846548844,225.52157043865628,169.56430848831172
14974.59310979858,794.5001988835045,51.34896335728657,267.55686274137827,195.02934020783553
10411.485837315384,662.2949335062234,37.56035429348486,180.53997746079077,143.86353978184914
12836.692353307468,721.7868693349774,43.12911453614039,233.753876703222,161.1795422886282
12259.144163643414,683.111956992899,46.37790152769792,221.44739374376405,165.84364736256234
11676.927866825148,687.7764251749342,45.79115360677235,230.3359016945821,155.08990869133612
12768.526472933323,715.4825222225012,46.52386511877422,227.4471996201337,165.96705252942348
12535.307016406621,690.8610867471958,43.27440830124432,229.28413887240842,165.06066417182552
12249.836108298237,640.0265854855645,41.54233782973727,188.4567134299421,148.76223781601647
12792.861757119015,724.6318144644803,45.66930807764883,220.31766796227873,157.4569468839224
13165.193001713462,680.9033232923845,46.130909781463295,242.32799571056816,160.9693657789303
12103.71878132551,679.2200761056562,43.226846353042966,217.75250082111847,163.06621880552387
9416.286847490497,678.5043095508489,40.86007630255635,193.17830280645558,139.54909684960262
10021.615169250279,597.1913634092259,37.89302382582179,201.00207539431878,141.9002632014115
15168.27052019685,757.5936558718679,56.10250062026696,254.56437554371595,176.44568449537527
11117.855849021322,666.0845603402765,39.41646576202274,207.0623104633432,147.02952697915026
11354.242120917093,688.8858106092272,47.94228186327598,213.029799186799,159.81907717999653
12354.571377647757,740.0931045188872,48.27397188084374,252.3556503259924,170.1579134263592
13002.966356629235,721.7256102021273,48.327124209190565,223.09530936711778,167.05130830164356
12136.355540775212,716.7784255832976,43.9036998527673,195.63289432050573,151.0534405099222
12938.736679912909,720.6324690248109,50.58358181498828,232.8432299232336,165.50385455851443
13218.596201910566,752.9329224261593,45.48191041175657,228.93379084992102,182.2705275067309
12070.494396837214,666.1536202291857,41.607734701810145,206.64988078958643,164.58711449053143
12789.515685755126,730.959420640828,50.6543204000615,247.17003666783552,168.52767524417214
12780.950966811248,671.9463467507446,41.20343120785131,214.2529488388679,170.12009284985464
12861.550621518358,741.5376197838743,46.61293942258681,243.7813528017126,164.0736050989392
10483.348969148212,685.1784186003866,39.34346082461977,214.70692919876367,155.12298940309282
11864.530609599711,683.3934841085455,42.98415481042895,195.9784766327145,156.01013821762902
12430.704962668759,718.5736296914368,53.06617653091972,222.91371324628412,166.60939978617805
10979.574971702143,672.5226719196619,47.03141208678744,199.75015930994522,154.52872876163514
13997.89482340715,735.0493478646185,50.81416532104729,257.2286136824973,173.1470286152676
14642.77502844722,733.816299018149,50.63148580949644,232.59978715649913,172.39730351470376
12829.33817525106,695.8225209206353,45.856361138078526,215.84346322785797,165.64206486859882
14279.043497587489,755.9124140511381,44.79739624831604,247.20415946841425,177.08290159552482
12356.403850457256,690.6072485459047,42.39718653366333,223.99427059304836,156.64310574425903
12060.57354625508,691.1870988639441,45.74129871106717,235.33470094005938,159.4466014779269
10933.820424776148,639.1335633690757,42.45488390796642,208.12667050948468,156.9361398948113
12337.001552359074,661.7630135031541,46.38199802545929,224.69212702284548,157.993510861888
14930.839863348203,725.6284698932596,52.94704983340111,247.59597984767058,165.94111445818572
13005.682712812526,679.2287895157929,45.670255129948316,214.6128584880045,155.82367267748495
12369.552811735526,742.6842014156188,43.35885673727919,220.82133040008085,165.68325073100638
13208.012630432908,697.4847459139133,44.189312886952195,219.42740078042266,151.08648992018007
12108.352161201075,704.6511227240753,45.32592604717841,229.7903963024286,163.23068390056216
13759.474979668172,712.2202327588597,46.9651289942629,232.86953997085988,166.96786353490677
11941.081073288668,692.1593953886172,41.580746848489234,232.61070518340966,155.08176975956212
15026.013407499191,731.8211255328761,52.86275318600017,272.3035554135096,165.68299738630685
12825.126766355595,679.6341874164823,43.635188685654,242.4778011211722,173.31324266722265
12668.280580358649,705.977096290502,46.40914335533727,241.6092633550698,167.54440020910192
10736.712631706263,684.1086976869595,43.47018402137721,202.28248101726925,150.95410881465375
10124.361229433036,648.3741191865404,39.961305511523854,185.6359791881003,137.73506850245778
12397.221376474334,715.4762730537863,47.287945388084296,221.40355681753041,163.2020375438067
12261.532589660328,694.963816204219,46.08060827560138,225.44307228425308,151.95826168310077
12240.196750742301,664.3784060219716,43.64148144013891,223.58032445436106,164.72614397353456
14090.838790882946,729.0435078776061,42.392252573465065,231.55739674852435,169.16774665755815
12117.375166989748,669.6827488582388,49.08751010425461,210.78119091525195,160.80496806201603
13574.825101286675,733.7393553538876,45.24056859878161,236.0993914429437,168.33936215456433
12056.578998808709,685.3330235038729,41.835293536628186,219.52315802638734,158.48682554966706
11558.905659489405,658.2617292690295,42.5913170969049,208.84356797150227,147.99143236166339
12066.839271186207,652.1257174410297,45.90039025598107,201.1680237123594,154.85064583248243
9151.220508459552,668.8138363677307,34.99403836121252,170.67238279217955,137.99596045125642
11483.461103953408,677.5477766552327,42.35293403004753,214.83487022697975,148.63959125053663
11126.065589554752,658.0361224868332,45.122528245755966,214.1302671621884,159.52992302230805
12239.739238471886,712.8134321589716,47.583021770731214,239.01239931999157,169.64976870373965
14396.95263083596,756.5118453617683,46.59845277679605,246.01456947413942,167.64094439993087
11242.110294194708,677.6393565238529,46.828255608340896,191.7448077299478,161.9191758813939
11056.806377796178,653.8022026889798,40.26990186726121,204.68057134819483,154.63930894644648
13224.112400866667,678.0754489867127,45.75141055417797,217.78257315939726,166.80453019801433
14548.080449486051,735.2108542329696,53.24939525527937,253.34946408321198,163.83286823199902
11732.875717786888,659.6414729372375,40.93417976001341,185.6597706323044,152.65672251345063
12266.01324413681,698.4501674693843,46.80205994708527,212.35879815533556,154.20663923344304
12777.052798418954,699.8764099053417,40.258327175411694,230.50067317525566,162.32064296350967
11396.135738458917,716.591740161034,41.50299693401489,218.25752583897778,143.94900938516508
11906.001073498292,683.1982221111193,42.711164078377664,230.77672024460173,152.4171364004602
13271.411125661865,692.262994083339,44.09743119657616,235.74084284355965,161.0837529962547
12545.102521589128,706.5005928374396,45.55481090629813,223.7211430355414,163.00498181457237
12219.975456890963,699.3925773816565,43.18226398419773,217.4638050276834,160.2621208745045
11496.351573658294,698.9202256562031,45.06677382219126,239.44307243584905,158.45075980590727
11923.816991155245,719.5934475265212,49.29360434489345,226.3165681124715,163.02145615747241
11959.854313149503,655.3917116424026,42.82301872075851,204.7582104683361,146.79777335645431
12595.90170387943,698.7387914451639,49.44291197414035,270.1550345339721,176.99881648991473
12727.24593970719,683.2251113419413,44.21575409201326,217.21789174185142,155.22641949744937
11833.638662186475,671.7100862523301,41.23788023057961,213.40857228802165,160.0338914402689
13111.989362196713,739.1553906929561,48.98163860558071,237.79832591257417,170.1548396140858
13048.061535140001,698.27719898091,44.831228490308085,224.08264509605323,170.042333597959
9521.931893160201,622.0395115233206,37.880918267245136,193.83349411154208,141.46164710658192
14604.457897301825,726.5724503735064,50.404477525948224,245.1875086312368,170.11819036106624
13885.67316337848,729.5481812349419,51.27457845522777,255.99943670022245,170.55347718057013
14273.108908467913,734.772359485322,49.083828208147786,244.17728759105879,173.46430310137876
10669.789641367652,684.7019219216812,42.14409166444862,194.90581182133033,143.56268495490772
13014.482788426627,724.680452244983,48.51883486680727,215.5959115622201,157.33267054729188
11558.742873498024,673.9052942450497,41.546310539367916,232.87684142723128,159.86612571767304
12985.911783494796,679.2727598056654,40.86397290902863,198.47109673556648,151.36992337649062
15125.90769896636,745.3227531849013,53.95401625185124,265.7937378365114,182.27888345106362
11217.01637293936,692.3804765603171,42.43920658954805,222.623997257683,151.54646476913067
14220.06336777896,714.8673972670651,50.126519703921474,247.4808421475108,183.27409766256713
13457.833510673692,703.4117584504493,48.43692665203899,242.94090668350543,169.38497953533502
11893.040648382314,689.4560685540254,44.50767133507824,210.86977360667834,151.3412037069072
10704.095812704252,634.0970195138057,35.085176414811244,178.71514789270816,140.45554480175156
12913.9302275375,717.6321788571479,45.65955252250062,218.8450749778116,160.76326435091505
12905.38336082918,721.8274957526302,46.75007119694753,245.98320934875383,163.9251080683558
12882.376298776115,736.8296024941826,47.3236033000705,243.34315275123038,165.3038656926215
11937.650082455139,677.7355193488684,44.59510208939434,226.6459171733245,152.28337834496003
13441.560435963922,757.3124661217671,52.09737538447298,259.41139453385404,162.75108057440247
14052.838677367095,752.9851579614514,50.995935369248016,270.15420981819796,169.10888250579862
11483.319432591603,718.1740602489207,42.74606465705841,211.12239650448484,160.33663305525818
12819.979864341956,704.4830691203651,46.28689129238564,219.9289201380449,164.46193974529427
11581.839122252335,656.0060260315383,42.43892780272963,189.4713438725255,153.65098871746534
12496.944024971308,694.1776631559063,44.753320988634684,229.5743515345137,162.01695421565304
12565.190335197363,705.1282816162998,46.29068671956585,227.97512622994319,161.41986671093122
13033.125642895584,707.6799016559712,46.735576118629176,248.66651291868544,154.00976008772167
13978.361256630184,692.4617521431265,44.67672907408035,218.68677654186982,170.27173653553746
12904.567663445572,699.2670550647584,42.56532737780744,220.85899174608352,151.82393949960118
13622.818268984627,756.391442743988,50.932657755491405,241.867186766331,165.79135626159874
11016.181535592688,709.9341733874295,38.29992184880616,231.6459158006803,166.1643176255408
12422.681194825798,670.0371731131168,46.43915462409399,226.2204387050928,171.33331729616268
16024.014411297434,770.4452067633041,52.22268960115287,268.45010474381365,175.58118973589464
10860.265070878522,703.4926325681306,38.66267176834001,211.85231613834978,148.47958098434523
11788.869582126381,700.1451341313322,42.13850374259994,218.06250522662475,155.10016434616796
12534.355376054287,681.3976998391819,39.91352880429149,179.94198897389703,154.0550075380474
12030.567496736207,705.3414380477582,42.671653486609124,217.10911470448653,164.63129315154737
12306.914954200893,708.899962389221,40.800589669305744,200.55148682218785,162.62272182911826
13319.178917033169,674.0861824627242,45.995210662080794,240.45201109915334,165.93560740784397
12300.234692742446,710.8149950118795,44.327706878258624,214.42156138212297,162.3079172448029
9920.588176493311,622.4995204239959,42.181918802552744,180.20559498874118,141.10394468104604
13303.71053046581,724.8246676998803,43.585692985195685,250.62308896146862,167.65535689164537
11859.733911592226,687.2770433481013,45.357468676850765,232.0088179036321,165.04765867658142
10164.726970372492,655.6130051681887,38.47703993178881,175.57095567494238,146.67083351029126
12345.465966822803,681.9736222151557,47.73156648536989,219.32919219438622,147.41010065476007
13399.443542629726,740.1253058296983,46.89045876260001,242.04121304143305,167.20929340291633
12781.69315088767,693.1246083496723,47.37248227108403,218.27508331841116,166.25773132876074
14879.472433115734,768.1135638587001,51.98297129888808,253.04565105652298,170.91176633806785
14114.084301995419,757.2769477595253,49.910546876789994,259.2899387135472,162.47203771272535
12480.255863292823,705.8132297358744,41.80555284017063,226.22357936570702,156.7963686321622
11511.646664939313,699.8557108911673,40.43141635038938,221.88229365891343,153.39348353376664
12651.535690212195,737.196602372357,47.256600600647005,227.20694670384904,167.46272325946495
13157.948240708523,724.4079502790552,42.38877083487905,239.74140414177836,159.44995368860373
12596.73493656681,645.1182179041612,43.17585516855803,211.96724518477532,153.14214762940637
11369.946991202589,653.4518356849887,38.49762519729716,196.63003222687877,157.18900816207207
11252.337222024358,680.2142776885166,46.094265609073446,229.18278026805595,146.01042070221678
12896.817863199589,739.2864985836275,48.73240075272288,242.24989977094157,176.2661622202781
14868.63663693046,726.6971165319457,50.09574123263501,251.15373226024965,168.72022601976806
14160.102889135222,737.8702475512086,46.725616490966566,238.063424152375,162.4958278059143
11740.735028144372,704.4965363046095,41.88018099064701,209.5184056779192,148.95988446527886
12682.228055133142,707.7402050013413,50.165534395058074,223.1629850500545,161.99116328091026
14123.651825345516,758.8666167120808,48.217844080389455,258.4626874090443,178.79650577165987
11662.852454883092,673.5352076087049,43.56137046655521,224.0317223924948,163.84508949210564
14050.460909180903,752.6440586069641,51.70045054418098,234.09103281466446,178.08520381044065
9867.523757643376,627.3553081970311,31.563195929759843,177.53946485078328,134.15844808921355
12568.80819642735,718.2623184085594,48.77163853038104,238.70000587501204,163.10749629276395
11734.86386958355,679.3687808237855,46.69368134907684,239.2222854136194,153.57123755741736
13512.50905512571,735.6617381053962,48.38457299510933,241.3619067794871,165.89503746418217
13440.032763577343,699.9956473362241,49.457275826371244,232.34578428233007,176.22899212198513
12554.831138933994,663.6705858734186,46.34500506043587,229.23725569542628,152.2846419222363
12664.967247288754,711.4235350467565,48.93029446612923,226.2576761785784,168.6134904750737
12984.844790166626,688.0120775892645,47.909793263278345,259.90033687847654,162.79660106210844
13259.675201052984,714.479994383116,40.32196321530884,219.4558986677243,159.08239643181656
13381.36475536961,721.5350460891103,45.343817389151354,236.09570544430696,155.9890523653765
12476.638774286388,701.0739433636442,41.52831632975215,210.6621079955011,158.42957381779976
14175.478258023666,746.9006252825918,51.553589045510485,233.34504683258575,168.14077439061208
13947.554335807028,741.7797564216417,57.186278003235756,266.6014617436004,176.06622002854118
13528.837263402233,749.3138801524071,52.82552517195879,269.1675377344946,169.48331224129493
11905.019700116674,704.7488664957594,44.65162747735563,231.22025908302484,165.60472179308505
12344.806722771746,692.2110531036233,40.322430815827225,237.67466802418153,163.67924169627477
12830.857999836819,725.381511959143,48.025647541478065,259.94340213072775,156.1752312700657
13179.113583017814,687.4099884600298,44.04714668438173,224.7288085584003,165.25740828164996
11003.894794711618,681.9963019891574,44.086549066423025,196.3597600153628,153.54892527111556
13784.90227382055,715.4526635854186,46.15922120398549,244.16016051050153,153.409440764659
12177.24707385094,696.3645411907258,46.68277055346412,200.4858217267576,152.48563461704387
11709.964295599248,682.9952267903236,42.506520334358264,205.64275887949387,158.23181964208996
13192.130278403436,715.4499947809892,46.27246259041714,237.30664223661572,162.08834496786193
12652.52279047956,696.8411899545339,48.566179574777735,240.73822923372188,160.95231180139973
13827.138585842033,687.6541046139012,51.15324474767712,241.63002187166998,168.04853178365533
12633.01630895791,681.2425511754598,41.2881807525426,208.36556007247327,151.9564544914159
12967.762854588125,728.8951288302328,46.13604415035795,257.6381640565249,155.95061295824095
11533.95468135541,637.29828346391,41.897097123609235,202.17259603438796,147.70925609505204
12112.298714327506,680.8614652944142,43.53987943092033,237.43941644100545,163.17090267948475
12184.789750458396,690.3518894935745,45.952080096561986,247.55471595518196,163.14099831878536
13085.470570103633,709.3717993507332,46.753857098437685,234.96503529171122,164.35812409852653
13089.475762823928,733.6776605327693,48.816104515714194,258.4325810930285,171.61814907749982
11994.15400697525,677.5554634875443,45.30069268817206,214.44746987958197,167.93963164453734
12417.791871384765,709.9881276287302,43.636784935391375,234.69254495070683,155.85895343000345
13165.993696686111,702.7318559798772,46.4076468300422,214.39139089414977,160.08065141378867
12115.881733067064,682.247260778445,38.817668183714005,208.57559646947792,147.2188142852647
13600.79967499258,760.3224253386143,48.73269058858203,244.92490062213903,168.14109805826584
12234.709024133488,652.4807749011079,43.01639316219415,203.58761848807433,155.776482661352
13384.7759768719,698.9642021749805,48.147067321010894,219.58472700263107,171.32744335476352
12038.924460792368,664.0094696450183,42.10653050945712,234.62903417443468,150.1663798185277
12212.563406165476,715.1428404843805,47.79085082732953,216.96685096152163,153.4039083457531
12396.662804940104,699.4986109486508,42.15461023050541,210.79952896228016,159.2494642339516
13714.875824922477,697.8654095923872,48.223594224116276,244.9115923042763,172.73450363033942
12512.711600673996,710.2707767397654,49.06592932965598,231.18100440561952,159.75099657668895
13538.229458945823,738.0887954272542,49.131464472960175,240.54180169913906,171.2123588098128
12022.878066314166,678.8773690192558,42.37162874487124,221.47729685271796,141.5582256343821
10684.371831739529,680.664314534849,42.31250845578956,198.55195822176063,145.724639691368
9862.91217686572,643.2003225007252,39.09230043582906,203.0386028194694,153.88016688242155
12011.192700063664,735.8207538179569,46.993690503297294,240.95247649137463,164.6440574149444
13771.005180333768,741.7823397168142,45.9749942159086,227.08541798075558,164.13690745656723
10610.476504902566,664.1737504297754,38.42449053943791,203.21667088173277,157.47200886434425
11647.483723205036,715.7241049531983,43.81589215716277,218.87952730219,159.98272316093215
10321.021320072367,689.4332942966549,42.110064489976565,185.1200349796811,137.0298003315466
12428.626642097403,708.5967696731707,47.89531931091662,220.5805126104269,164.7719166849882
12731.155431079213,693.229744883702,45.95644262918955,243.31871557916148,161.98336951408558
12045.865298015799,706.6123340751209,44.315423007987285,209.14565109646097,156.4278782084541
14478.088799634736,761.4320763525532,51.8298122249105,268.24500726381586,167.0250494091829
13618.712549701173,809.7009177096509,51.18681485365721,258.10164840099304,183.69042693648814
12389.82963069234,687.3829395768201,49.57421987121498,253.53761671202966,163.09630307406138
13716.576958485135,759.1240476270768,51.98495663522709,250.07576254089332,188.1912575831799
10789.979442159622,661.2198299357993,44.398511943030485,178.03250241526425,153.24476949833732
11115.861745160171,652.4347492533655,45.24554425299681,216.47661083762912,154.6804066958158
12258.614361341335,668.1808584348927,42.986651693333954,209.72008605647795,147.23240158992286
12068.000879851774,672.1854708056321,43.973404732515725,210.04094653971933,152.44943297919716
11901.570378760107,651.1602870735286,37.76716037703194,194.49896932413196,146.5740112098834
12625.528448844445,664.6947435838067,44.557044363999886,212.86099024196042,163.04462700204905
12684.891754937964,661.674239775803,45.71224552115237,230.0235269687789,160.26913300776022
12139.865077016419,701.0961756143589,45.785947735610705,190.03559031798193,155.87873235369537
13010.046218080495,691.0448994933372,42.426022381528085,228.52075367862082,166.2100157586604
11282.964991376311,700.0675157815709,48.24795904193456,227.0006317909534,158.00799607691863
11607.74870893748,687.588624620517,44.907307280438275,218.1774234624806,158.35814715550276
10612.612142938595,636.4441147741964,41.56394029474774,210.60599697289337,149.29994630087626
11495.049048562887,668.104787998577,41.33566293075948,188.6871118389014,146.71787170805518
12204.326543367668,681.9934132048082,44.67467701248241,225.71765608353374,162.97755141027991
15579.897124442768,817.6296800463401,54.537387325368094,298.2174466990548,197.5473592790231
12083.193041208824,701.0703347748921,45.770961626517526,224.59891189725357,162.8143733519506
10884.903521922544,635.4252618960575,38.632735683397314,177.4253104541358,140.41607081189514
12577.5817653644,686.9677863656517,48.2525614507598,239.98082860804124,169.8318276043868
12288.944790027554,692.9874494956823,44.14017089288439,223.58548966575674,166.53760465393867
11371.867248963992,654.3722865472948,39.40542840124723,211.1375439508255,161.15007194110694
13730.563728263345,729.9108496354355,47.45766708995282,247.17299630717304,170.99116464820463
9596.196405610399,659.6643454166522,37.02406099444369,198.5728306520304,154.4059133379106
13440.94436743076,697.0936190969935,45.04697629859176,233.7912261841166,167.91282872797723
10328.406001548523,689.8093163199453,45.11954576312171,220.84952626806165,157.30811510912113
13189.618236825561,686.9410575022442,45.636285775480026,236.63527434010933,159.14648193249946
14355.242859837701,679.4212063590819,46.65296848928186,245.05726884142373,153.99771537791443
13098.133398880665,698.4949800598534,46.77963146856264,213.90035587933332,150.02199528173378
13779.926636478836,669.8374620633706,45.607110240265996,220.83466983948583,170.51545757909395
12453.166498988267,734.4424778337614,46.93742765566437,237.34684228674215,171.204841859566
11977.780126124266,693.3767352113015,39.787658232000396,185.57935364061743,147.29516672582668
11620.638880944009,673.2129938794559,42.22358179364372,185.82557176840385,146.33346865367736
12264.932595200518,673.2996231157327,45.46323513147853,232.21316293403797,158.55230786468547
10671.30614260892,622.9485363239802,43.60356281414545,185.30021742327145,150.32533218010076
13037.51282242838,743.9547602790133,49.99239657293316,246.64852106293927,173.62412821979126
12498.774320218266,652.4305965341558,43.43228951376262,197.7385925470438,170.31839889479508
14810.509358793526,734.3754925664267,51.50679539131643,254.5664460716255,163.65325270440297
14724.696373395429,685.6246015121537,50.052956028277784,252.50314965819416,181.11310036948103
12370.367096756165,695.1512944082491,42.59764184933626,209.71165370958886,146.20781643569654
15065.850012298415,739.5424008337792,47.79216684825752,262.5173869806001,173.47954291799527
14779.18868200891,750.7247712863502,45.55447951085329,249.07095272375463,174.71600197118408
11843.03290352931,711.9237581231572,42.64017683284142,232.6759429992505,159.84303482006615
11466.913127657377,673.1236775286739,41.018318220263765,202.92069893933314,154.64020496044125
12077.15340419129,647.579331992484,39.500941561528606,187.6794079724836,155.62408336466413
11506.324322609013,718.6183071875364,39.529825848643995,220.56353493658006,153.44811917100273
12212.003788818416,695.2315456045969,46.007206196107106,199.26174237490793,149.51865185114303
11973.195919798687,680.1762304332249,41.82990395448004,206.61226004321543,152.92651683206375
13168.508055569308,752.2715068544715,51.36513861744251,237.6209497570749,168.08755753883477
14337.3782398012,768.3818908051114,49.61400572767964,255.80495683259352,168.51636464740722
14222.9368725248,744.1658802057983,50.5458783001091,245.42929740165752,165.10397696611145
14180.058639395536,706.0397197336439,52.192440888695714,243.12238132839136,167.4893733752223
13256.48643520659,717.7288342456599,50.654306008724326,225.41775837744785,163.56514440013757
12565.478874614722,703.6629838988626,47.41974686163912,220.82280726034148,163.05434178013718
12592.906421394531,690.5840494738741,45.4168054584252,211.88251921826617,151.65005155119974
12195.740363634035,701.4383329946693,44.93213392330311,227.66124284279667,165.5152965634882
11774.230040746272,664.5531960168581,43.481546670556725,223.08915533112443,160.47089420329397
14515.468660913366,736.4189256418773,50.751485572156305,245.54347415058245,173.10462834348655
11270.541521707353,692.2378635995698,42.61288882622219,220.82155688921114,163.15073967036943
12213.491906575413,651.030160051274,40.87421168532973,210.49496887241594,142.0455245529803
13003.624308200559,715.096346265945,48.28058083994731,247.30533962720187,159.4593395745674
12012.065091068727,722.3321823237452,44.56619211171225,224.4579900084321,157.15342295963282
10620.545055555463,674.9454141363387,38.6249109296923,203.37366672748956,149.87726171467236
14386.11616026049,726.9709260271077,50.93187200745178,253.30858344245766,162.40541841884234
13173.795834640383,710.9177393000607,48.710393795758186,228.13896897187274,168.1338148405077
12603.313168653389,703.1359162999813,44.61118667123635,217.11368385690798,152.98568287657034
14370.897984063036,740.6507663706102,49.480894924301325,267.0297307474313,168.9670544025592
12698.77702421272,728.3284633732169,46.25384961189748,217.74175252860147,167.4494834918209
13361.242262581818,701.2089909081229,45.24446916785847,237.0778338030221,163.32433253587578
12793.313262497712,762.3191522605836,48.33833376049372,247.34448332347367,176.55674718953495
13305.922703544984,669.912607436781,47.10282207978652,234.82107033102199,171.5349109657283
14252.849683558115,724.6233861953327,46.645457464168764,232.23248853468212,169.69439210559634
11124.482274082911,667.7506159104472,38.84065658642977,188.49553873735374,152.02800141421193
13042.909439623962,718.1724115908127,49.151215608080804,248.33107960802215,171.1437751412721
12896.271235323085,714.9743143088765,48.285103293779294,237.70581464766954,148.95114881485523
11963.218475087695,739.1076252060823,46.90315101571929,219.16220227731426,163.62869306095445
12653.340665004354,709.7522798660257,42.5407213527099,219.45544745201568,162.63252700186874
10531.801065243255,630.155291825096,39.04380970187315,191.68980206630292,148.60375777461883
11744.934600233062,738.3041336414024,47.30959447310835,256.5634404042104,182.0650511227178
10575.915837918696,630.673811000472,38.40764211562998,198.78655702402918,143.01354570607296
12412.925054838659,717.1718504719871,45.1912874487669,255.43071665360347,169.99332428102372
14436.533941970003,751.5960146686414,47.966233036341656,223.3326489121615,164.09111403690318
12319.16770876865,657.9738442435366,38.32398797377913,217.54130206306607,149.4784531067859
11817.605198330484,713.5491688922896,42.77662181023605,235.37092000276772,156.0678968938745
13991.221838125315,713.2602640176524,48.95925787281058,219.46666957827946,167.01227341332617
12708.267753675662,659.7884526828385,39.93116926562403,219.6381409689197,159.15469560993446
13118.736796489426,701.7139324932306,44.15039220674618,194.26932336424986,163.50884548510317
12262.4930074169,718.3927025586363,49.14378142153337,221.41272875038416,159.7357917074944
12051.658213309081,716.9915057952757,48.03353360707591,221.22292258508196,173.84380804398614
12163.437604333414,680.2687150831302,42.12576541808799,221.13743298853817,164.44848774107203
12734.597666286023,710.3181736671148,47.44488288539485,243.11375351811395,173.6049615255312
11498.666699205822,685.1583922529999,43.72685852805419,223.61480347048615,148.7374420361605
11153.426719238436,682.1072809619365,40.27557160633491,199.72116920754593,164.60418150314825
12695.497164452543,640.1136022448816,43.967639484414306,211.29045239563553,148.59396807806635
11435.406641780648,697.771212612073,43.010563220294586,211.63648815030692,168.95670237064365
13058.335842207905,712.8178017357916,43.58876197434806,251.04288896596677,173.55336382343106
10887.692540037428,681.9707726720301,39.657809125335206,212.20688893231028,144.62054702612716
13808.316905109828,719.318301516694,48.79468195687081,236.7023423599923,169.3322530854634
12429.249064936008,701.5135313692227,46.79383954836703,252.0877076581279,157.89432864168018
10686.023924497033,611.1631184932216,38.91923870161282,174.6213095656057,147.11021407529122
13695.049785048615,707.7609436100655,44.893645833324726,246.65956805838624,164.98049608759797
12208.525848946643,695.3685417918499,43.67061662576398,219.9399239624603,150.70147116283005
12116.242439016107,703.2532544675672,43.73521603419485,225.938046503778,158.5332836416656
11187.368882228247,654.0400706728901,39.97879462830657,203.11178476750132,130.4988840547304
10737.210615018968,646.2909416120366,37.5688494425494,214.9249667877688,152.50863056626554
13757.345962231762,748.4734101759159,48.6091384733169,232.72739768958832,166.47759622316138
11058.516617384674,663.5531899912573,34.909069147856954,175.44059751200695,146.05571530652864
12602.851304161642,719.9444370493978,49.111192302094224,248.43811698855964,155.53964209315626
14243.504119583167,720.2759631629041,52.37896161783111,247.12704882405842,182.32620837349629
12986.344711982354,685.9418389541522,46.76535163947166,216.49165084408293,165.83864550435035
11597.841837096154,716.2548440317986,47.65428880189978,208.82726515250167,149.9607599938543
12147.217901235743,686.0819446255827,48.14094060837673,236.74757256117564,157.79859421988817
10875.184615452557,652.9740515567239,42.34445381629799,194.55468755607293,156.1288102857585
13721.603173314117,759.9255360721377,55.03508659679281,260.4244913975042,171.85494465963237
11017.917354947956,691.6990292070763,44.05537484359539,232.31509911042252,156.9349757901281
11027.72191105357,661.0680292784808,37.12895795830685,185.10522245214418,142.11862330941153
12061.309659680604,690.2684794232224,42.07508711633233,214.1748114136773,145.45287201805772
14151.31286269973,724.3281595242897,46.39422807814303,233.63660109695573,167.7862902370435
11626.769055953033,633.5867890596346,40.73430842553886,199.007444604764,143.2394811873913
13562.5878622544,750.73759132093,45.92447369871642,226.34767825788128,165.9027362852708
13558.471847873923,738.7018339390033,46.84325835887249,255.5481802579698,168.54024523116416
11987.110246524786,702.7196260017465,44.244634770286886,217.43612607513552,148.02241111393957
12439.356690529119,713.447202928151,47.16845921813673,237.51165047046743,163.45369887145043
12224.096339046619,672.131474220905,43.59342550870797,224.90800617327585,151.57404786541045
13684.996213135446,746.7631862440829,47.21478049017316,265.45716295340185,157.8038506689249
13120.577565468822,682.6159677836683,38.62690889773117,202.4769302598515,156.51899406653575
11195.86347493987,724.1174829566984,42.01969081917109,223.11389464563572,155.1695181880424
12218.809696372948,704.1097854831861,45.4823615148993,218.79979969224507,162.55738036954847
15633.002412448244,769.2493992387472,58.81559524090831,280.76046037306367,188.63855075150292
14839.214725621605,759.6504094062547,52.84077894617421,256.3390663739369,179.40653832973857
15170.69804890953,733.1431244187004,47.75634383491267,260.91404671789303,173.39873524739747
12573.33586384254,746.062212432374,46.23798980498592,229.12538234778083,152.71467665746343
11588.446496067829,642.6418208393562,40.176609859596056,197.52012595986696,145.86740878418297
13258.587246014715,697.0914416621853,48.10509922304777,233.4710279754213,167.88009201902287
12605.106056445118,685.899667044158,40.436966973810506,206.04753710831835,161.89255558414115
13724.850714223227,726.8356020380879,48.1696530878756,225.2858601125151,165.81732140874763
12526.418904342487,696.7159701887374,45.911063441774836,233.1306262812491,156.10006705835505
12010.012132679962,709.7632326423133,47.29227218625355,235.0205566575053,162.66439747405198
13729.328235903391,765.9538029211018,55.00781741020779,249.17118388243853,185.3356792653406
12101.34599896008,741.6470831388244,46.20148355994928,230.79635473580996,165.87748809855614
12437.880176662617,664.3349086617435,42.554544320270736,199.01032408142953,161.20508465277675
12771.17608082875,736.5917756821002,45.36246793471952,244.96553929977864,167.61760568182757
13324.773372998488,697.2014767049494,44.890725723555235,244.65934105987475,160.57800833654235
13376.572970276597,747.2715359456244,52.11643701133959,233.62377794961046,178.37955564011762
12703.85512498616,712.1501704265372,45.258150691114615,234.47212952228452,153.37985225426135
13887.186930095091,695.1521923710428,49.85273667670141,255.12155085981516,163.8803882247812
11977.626374555637,629.2814965724976,43.843467027354656,199.4491834282135,159.36448124509414
12870.544279085225,699.3191093531027,45.66136913365413,235.72417624208407,149.79223207921115
11307.48506775135,710.3251892910442,44.31730021451826,196.99391862640294,156.02502822646963
12539.393212767012,688.6857707582753,45.40204213226202,239.20548306542136,160.97035009803562
11202.731058408279,726.765768188061,43.70321769392552,239.29659400534217,156.9730491089227
11467.325020562657,691.9029586887748,44.37386233597067,213.4160034446251,155.38437108171593
14839.703531495912,767.6938499845203,51.82056026024011,254.1131860041154,178.5591466928296
15331.117925378121,729.5275308188864,51.31169745661805,247.89392295340568,166.6025743532552
13215.913753878565,694.7680329268535,46.632316874189016,249.51501012678742,167.48707844773358
11870.267196729501,658.589417326148,45.62488431739763,230.06539223400247,171.93486018459296
13794.072519854948,696.278077463029,44.436005849228856,230.9526112209826,162.85579985451105
10354.647093804953,653.8813457884847,45.90679905248266,221.15361994816507,156.99499547391108
13726.791457344869,709.1209178214726,53.05210017656291,261.1432106691266,170.6551363812627
11264.349004484988,686.437216281854,42.31111737854943,216.1151424647868,150.11988631998938
12701.328312363166,705.4046506261822,51.92805403617889,251.80536989489488,166.98786311404515
13482.265587922873,719.0909077021739,50.06668534680965,271.88462157211586,175.79789417098766
14239.52111457735,711.3922009805145,49.1520877558301,243.33574385048604,161.35042287792461
10535.431235699687,649.5683025135396,41.96820517944194,171.3637637017092,131.76726121022958
12064.984645650818,669.170719866554,40.559957789719306,210.0287467862932,155.2196606580663
12635.953774255195,736.8306784643622,48.36166872309755,237.98882471545127,163.73819604166917
10746.144517503099,675.092123888403,39.11614300260867,204.36739722102456,142.4071202397691
13007.660334834278,762.6620834253271,50.52270848670819,233.96163381660733,169.9728347502277
12877.747922208942,740.4337046218538,44.1362671395917,232.6754252130089,156.46977421862903
11535.572454820478,692.634553014898,39.54112624055501,190.57902256068914,147.58735674600186
13294.439355085558,712.5614338541275,47.13745873953483,229.99019243350892,162.61348266003694
12428.858612397722,726.3084773867542,42.87015023676554,222.7704074969414,166.31957409489104
11889.453318334705,682.707386085087,43.87529009725796,210.56399278891396,146.59468026953104
13561.719817850662,776.8451883603547,50.98851217572168,264.9857543970272,177.50850180095722
13010.975245147716,755.6117342433866,47.3384868156203,244.58482730494762,166.05211923598733
15072.965186039737,731.2517757630901,50.4289269016156,240.84250726762014,168.43510461136233
11035.291039960022,666.3021082872118,36.73861244107904,203.9769370659642,143.45898304926115
10409.27951802822,665.099646733046,38.79980584559191,182.99222316888077,138.75715970256869
11752.025529247252,700.5719543699386,43.78781272121904,222.0751166068128,161.16579269361213
11855.786029898365,684.5779277087483,42.44847620698226,228.1714768718372,143.83696393072887
12992.156593482137,676.1938722403822,45.98561771761275,212.684847292264,164.04809293455773
12321.654789230157,707.5625227843591,41.427456855395306,210.27395165460794,163.4037397384062
10771.016006456317,659.5654146754725,41.26294138123474,207.3454901453519,144.09689567905485
12448.501744666584,716.3569120891711,44.209292183914066,199.2498966979344,156.61875926161218
12256.67382468314,695.1790737970574,42.16241574301503,209.25389900449431,163.41575617709765
12713.845784442165,722.142102165019,49.659248364348656,233.53792968115167,169.551779003389
11854.083959783458,703.4319328635191,44.853507742052244,224.64957757780425,157.62185088131787
11706.341387435008,645.854413991821,39.095913974771186,206.78969332971033,152.59384868045169
13423.912372885065,716.2784078328655,48.869042647097125,217.95615472482743,159.57953308986316
14778.305789536753,739.8134736582765,53.27409563341302,283.0525834951346,174.01984059209744
11834.858559029062,672.088583889554,42.150353469165935,235.70366286745346,150.24311189340477
11711.732351212588,657.1462409218472,37.52642841806972,199.45788136056814,155.4437335432881
14122.377061533882,716.3602061602267,48.82253522398168,241.0718761001301,164.75744120137972
10912.95031928242,710.2058571762952,39.04994426533269,210.4867871821483,161.62453470689618
12552.7673084266,709.1491778419733,49.32971297590018,250.71204446166962,166.32182863186532
12424.750773043721,705.6496973835553,45.135575394584485,221.00860691897017,158.71913494537134
10968.066616745182,673.6081238900248,39.17690987072603,190.34113093777825,144.0783443859877
12056.266935743151,696.9538518181296,43.99667441975081,239.1127680894316,155.3213974509959
11300.946578516126,676.1999160886372,41.47348919391447,190.75179378331043,151.6586826141351
12440.07460794025,685.5361805464211,41.53912002231193,204.03196043384452,144.3709114794257
12340.892304647694,675.753949247509,46.88823228525817,210.78196450290062,151.67470761447277
14175.85420774106,799.0394495560773,51.42997268327285,240.81391533445714,173.94959455564484
12715.905675962844,703.5943555098155,43.88302754766034,227.47839025727774,155.2720753301821
13159.701522842257,701.5819174559772,45.59384542171484,228.76574164350862,167.2006798726931
14521.037181006695,757.6635977912069,48.80744503099762,245.8260062000196,173.13515054759458
12994.044341479414,686.6024128753093,46.05442155395555,231.91061670132174,168.32058452267657
13546.334014845941,709.0400939918227,51.421112674310734,231.50566791162277,159.86025097975812
11761.98687847581,669.9231424592856,43.07377658955836,209.08822803523844,145.84454497883866
11629.564021824468,702.197540901586,41.76234820705526,234.50468658241581,155.7904406687032
13560.339928686566,757.5126836338446,52.86168355289976,248.88250126989846,178.03614465889055
11816.385124891101,666.1213162208832,42.6632363603371,217.86214096463746,154.24066730261794
12589.990081525233,733.6537155848451,46.73395507434034,220.30942928784123,150.66321016214735
12866.860007183559,669.244502748553,46.258877441074866,229.36383389325474,166.64581003590584
13543.645402667917,765.1565469030963,48.53594554873131,242.12322871039368,162.39799241496078
12601.256947861288,681.8020772677512,44.83849233697816,231.66359399641075,164.90158508149412
12108.264837757046,728.5786024679907,44.72219576620229,216.12581832724007,162.3669079512232
11827.333299269947,746.688451059821,50.76876552853784,230.5973811012759,177.6255461176745
11863.267131990127,646.2417441199115,40.37894117609208,202.41270973882217,150.3974299371543
12925.986575234347,672.6433872151817,41.44903874157313,207.894520879078,153.87543764188348
13955.14344908993,732.9844566438451,49.18986516079342,260.92145826466503,175.18048161950105
13110.770368216385,709.7235668991885,51.46493072527608,248.82931555274547,164.7173533074558
13407.52550081492,717.1213333359374,48.108072235208,256.6633211704011,166.24434821727266
13614.614373999691,673.427072034288,50.077199953418074,233.83131400455267,159.04526332602438
10477.789024900307,622.0484981282733,40.518385387176096,216.8736118436486,151.35550115710922
11442.822075044118,722.1577080256934,44.010755985175784,247.465749662434,157.26315281340183
12002.864153488432,714.7012054442139,45.16530948597908,240.10464647932992,160.1305298512412
10317.343225770082,654.0934303894667,40.0304182243501,194.53027479663146,149.0036254356054
10373.906908925228,638.573970124713,39.44443139454546,196.19459200071844,146.33400330064524
10553.56646345802,718.861375238711,44.122000469960064,209.6975492467,157.26093431800044
13770.141594616569,728.2271743585673,51.03492502427383,253.5528359408471,173.7728125083897
7989.663326985398,609.9367089401693,36.11170944645531,180.87341283090092,131.91154821982374
11882.891283268069,671.5681109269333,42.49636445272237,207.56641762003176,149.59304207942202
11753.22878906523,638.6725391591241,41.67039283545664,209.91699438435396,156.95869004051
13493.238357360142,746.4629854048984,49.18370925928088,219.3166694650753,168.12030021085027
12848.07380023571,704.4835565247047,47.89763499881369,231.29221727363793,155.69190222169152
11740.75978651009,690.2420377383452,48.03298614955113,232.02553318172002,164.42408432871284
12439.1865932079,709.5759904602107,49.41239290528482,222.76255753394636,162.2302421829389
11409.867988723507,678.8428854188072,44.81292439652405,210.98321666343884,168.97353635563286
12619.125147273917,695.5125207289768,43.15119674901489,222.86750295221356,155.0186234196078
12439.569869779245,747.9093581814942,44.19544754854511,230.34960944782216,160.66714975188617
12244.858136364955,657.2063740269149,46.23617896512697,237.6571768019208,155.39578910203016
13104.82230037612,675.0733558761898,48.31305069901843,223.26425191725806,174.37993514949238
12266.794827834554,672.4929089366567,41.35376283203729,225.92944858665163,159.16744878486003
10752.318531616367,634.14292834736,35.15383058529981,175.9605226773196,134.74611445016188
12999.032835161448,724.4207900939012,48.58365590827139,248.55878368495166,163.52988818601503
15214.317809647731,745.1746591839214,48.73700899637516,237.09794721318997,179.19046178466382
11818.645747830451,693.1956363161676,41.085863855667455,197.54619490141107,156.54517317296128
13387.066677939634,723.5512468709876,46.928684610568915,255.09014023480975,168.7505128403669
13275.606857671906,675.7316296232981,41.376361630786306,215.7350007785215,151.73374963566926
13427.288409906705,712.2672013126022,46.69703932402863,236.02498281723874,157.6253831023772
12425.674822376315,714.0809173589478,39.74116175036857,209.99368602825547,159.68265550878436
13491.17680957618,732.1008694848092,47.30920188115338,243.23798457168783,170.50683305012723
10573.52529624468,626.1995921093422,37.19984619780947,208.3036151829386,144.3526181136827
13076.386235617496,711.5256973605611,47.102997788653035,234.9572960833707,162.3113533293718
12119.158311211047,681.5066409335334,43.36848272812941,232.06704166441213,170.9822445002226
9996.823627795902,678.7488662041632,39.6151364779953,183.56628287404692,138.790023683753
12665.999316242001,739.911730157148,47.92610450536536,216.45564278345938,170.61675352986714
12900.947188279177,712.3331138324647,44.17536978905475,217.08238111911024,155.2269666301876
13210.793931560793,702.304943051293,46.667275201914165,246.09359539532605,163.57331052461706
13075.166376107092,730.8904396029841,43.52740936197906,239.15801298822637,160.11089326314067
13203.966915737103,745.7896333834268,51.42923534903929,240.95398006862328,171.51999666131488
11316.14478425286,682.7915470936158,41.34365814094805,246.602587662236,158.2523900527974
13093.74363111661,693.5962180710388,42.69045074868327,234.38737804682276,159.2771974598908
14300.510458654737,739.620428731202,56.383362872146066,261.15212349985165,179.3962707049507
10073.59144822567,640.1642105786882,37.77498795130724,194.71451649064795,142.84702229966908
12740.960297403166,717.9322099489018,44.57531194749501,254.1336352944797,157.53737170105828
13483.028864090587,726.7921674539905,46.86606768086927,249.1000259394695,175.27398623804197
13079.314026271539,725.1735912512613,46.09554397444335,236.56352171252573,156.85249122004848
13128.931103065514,710.1444139141605,42.17272220079193,233.77413923145573,158.28327868473497
13454.4977299441,701.5959306568578,43.64445880058944,231.22626619145146,155.85413038675227
11973.079123921365,700.7697562297288,44.689019444907515,215.07439472011816,165.51319828188988
10482.981076699169,635.7979159539486,43.34787226119181,190.38739837024855,133.9722721690604
12476.781893152323,709.3045857168347,37.78871395631495,222.75815130730152,153.9516990145007
13922.90170117224,724.6325103618049,46.32523841011263,240.67250375392192,165.57115329863427
13561.993507412708,745.0320456709081,45.803293590843744,241.62954978640656,180.18024035703993
10852.683700964491,613.4392639642733,34.4588393167481,183.8949975069517,132.63119219026333
10970.016179939588,653.8633886321206,38.28623436806421,190.43899456812966,149.8504825481961
13284.172946390068,713.8637639860947,44.647277295772724,234.78214801539684,172.15781819451712
10888.387686460519,666.8546471204526,44.40926680739053,212.7217599464204,155.42943023366746
13110.848092808757,714.7335680915739,47.99165814154485,231.8940996939201,163.3748374638176
10447.632640344376,668.6352113444199,34.621249670583616,181.05289024097613,137.2778224684364
14099.233596205226,738.5011622990339,47.93747818231998,236.07173103173233,168.74062963929248
11021.793819083789,677.6950086835216,40.99842463099329,179.71235179390032,154.58555195039557
13956.84108805896,718.5061177199296,47.38712808835635,246.60820481196487,161.80285502483994
15586.848732319057,765.2048474305916,56.27622931449821,267.6654057721571,171.17429684680033
11696.864533479413,713.5623747333625,47.524384929410814,216.12409783644242,164.4999608946041
14425.712022504078,749.7880375105021,48.2813625585913,265.97337870291517,171.36963947317676
9971.484830557121,620.1725556421626,37.17903806189752,183.55729776122757,138.74741658441786
14185.475348526625,724.7155430175625,50.605164317353974,282.84926193634215,170.58809101420638
13366.315235624312,697.3273849375779,41.943901725930864,198.21193021050468,160.55926177723742
10977.345283146706,662.0438205914104,44.81116707869864,228.98534643572236,163.48305287041856
12157.01886042572,713.5245477186631,43.33899587287006,215.61904044002114,171.50397738588265
